,Loan_ID,Gender ,Married,Dependents,Self_Employed ,Education,ApplicantIncome,CoapplicantIncome,LoanAmount,Loan_Amount_Term,Credit_History,Property_Area,Loan_Status,totalincome
0,LP001002,1,0,0,0,1,5849,0,120,360,1,1,1,5849
1,LP001003,1,1,1,0,1,4583,1508,128,360,1,-1,0,6091
2,LP001005,1,1,0,1,1,3000,0,66,360,1,1,1,3000
3,LP001006,1,1,0,0,0,2583,2358,120,360,1,1,1,4941
4,LP001008,1,0,0,0,1,6000,0,141,360,1,1,1,6000
5,LP001011,1,1,2,1,1,5417,4196,267,360,1,1,1,9613
6,LP001013,1,1,0,0,0,2333,1516,95,360,1,1,1,3849
7,LP001014,1,1,3,0,1,3036,2504,158,360,0,0,0,5540
8,LP001018,1,1,2,0,1,4006,1526,168,360,1,1,1,5532
9,LP001020,1,1,1,0,1,12841,10968,349,360,1,0,0,23809
10,LP001024,1,1,2,0,1,3200,700,70,360,1,1,1,3900
11,LP001027,1,1,2,0,1,2500,1840,109,360,1,1,1,4340
12,LP001028,1,1,2,0,1,3073,8106,200,360,1,1,1,11179
13,LP001029,1,0,0,0,1,1853,2840,114,360,1,-1,0,4693
14,LP001030,1,1,2,0,1,1299,1086,17,120,1,1,1,2385
15,LP001032,1,0,0,0,1,4950,0,125,360,1,1,1,4950
16,LP001034,1,0,1,0,0,3596,0,100,240,1,1,1,3596
17,LP001036,0,0,0,0,1,3510,0,76,360,0,1,0,3510
18,LP001038,1,1,0,0,0,4887,0,133,360,1,-1,0,4887
19,LP001041,1,1,0,0,1,2600,3500,115,360,1,1,1,6100
20,LP001043,1,1,0,0,0,7660,0,104,360,0,1,0,7660
21,LP001046,1,1,1,0,1,5955,5625,315,360,1,1,1,11580
22,LP001047,1,1,0,0,0,2600,1911,116,360,0,0,0,4511
23,LP001050,1,1,2,0,0,3365,1917,112,360,0,-1,0,5282
24,LP001052,1,1,1,0,1,3717,2925,151,360,1,0,0,6642
25,LP001066,1,1,0,1,1,9560,0,191,360,1,0,1,9560
26,LP001068,1,1,0,0,1,2799,2253,122,360,1,0,1,5052
27,LP001073,1,1,2,0,0,4226,1040,110,360,1,1,1,5266
28,LP001086,1,0,0,0,0,1442,0,35,360,1,1,0,1442
29,LP001087,0,0,2,0,1,3750,2083,120,360,1,0,1,5833
30,LP001091,1,1,1,0,1,4166,3369,201,360,1,1,0,7535
31,LP001095,1,0,0,0,1,3167,0,74,360,1,1,0,3167
32,LP001097,1,0,1,1,1,4692,0,106,360,1,-1,0,4692
33,LP001098,1,1,0,0,1,3500,1667,114,360,1,0,1,5167
34,LP001100,1,0,3,0,1,12500,3000,320,360,1,-1,0,15500
35,LP001106,1,1,0,0,1,2275,2067,120,360,1,1,1,4342
36,LP001109,1,1,0,0,1,1828,1330,100,360,0,1,0,3158
37,LP001112,0,1,0,0,1,3667,1459,144,360,1,0,1,5126
38,LP001114,1,0,0,0,1,4166,7210,184,360,1,1,1,11376
39,LP001116,1,0,0,0,0,3748,1668,110,360,1,0,1,5416
40,LP001119,1,0,0,0,1,3600,0,80,360,1,1,0,3600
41,LP001120,1,0,0,0,1,1800,1213,47,360,1,1,1,3013
42,LP001123,1,1,0,0,1,2400,0,75,360,1,1,1,2400
43,LP001131,1,1,0,0,1,3941,2336,134,360,1,0,1,6277
44,LP001136,1,1,0,1,0,4695,0,96,360,1,1,1,4695
45,LP001137,0,0,0,0,1,3410,0,88,360,1,1,1,3410
46,LP001138,1,1,1,0,1,5649,0,44,360,1,1,1,5649
47,LP001144,1,1,0,0,1,5821,0,144,360,1,1,1,5821
48,LP001146,0,1,0,0,1,2645,3440,120,360,0,1,0,6085
49,LP001151,0,0,0,0,1,4000,2275,144,360,1,0,1,6275
50,LP001155,0,1,0,0,0,1928,1644,100,360,1,0,1,3572
51,LP001157,0,0,0,0,1,3086,0,120,360,1,0,1,3086
52,LP001164,0,0,0,0,1,4230,0,112,360,1,0,0,4230
53,LP001179,1,1,2,0,1,4616,0,134,360,1,1,0,4616
54,LP001186,0,1,1,1,1,11500,0,286,360,0,1,0,11500
55,LP001194,1,1,2,0,1,2708,1167,97,360,1,0,1,3875
56,LP001195,1,1,0,0,1,2132,1591,96,360,1,0,1,3723
57,LP001197,1,1,0,0,1,3366,2200,135,360,1,-1,0,5566
58,LP001198,1,1,1,0,1,8080,2250,180,360,1,1,1,10330
59,LP001199,1,1,2,0,0,3357,2859,144,360,1,1,1,6216
60,LP001205,1,1,0,0,1,2500,3796,120,360,1,1,1,6296
61,LP001206,1,1,3,0,1,3029,0,99,360,1,1,1,3029
62,LP001207,1,1,0,1,0,2609,3449,165,180,0,-1,0,6058
63,LP001213,1,1,1,0,1,4945,0,120,360,0,-1,0,4945
64,LP001222,0,0,0,0,1,4166,0,116,360,0,0,0,4166
65,LP001225,1,1,0,0,1,5726,4595,258,360,1,0,0,10321
66,LP001228,1,0,0,0,0,3200,2254,126,180,0,1,0,5454
67,LP001233,1,1,1,0,1,10750,0,312,360,1,1,1,10750
68,LP001238,1,1,3,1,0,7100,0,125,60,1,1,1,7100
69,LP001241,0,0,0,0,1,4300,0,136,360,0,0,0,4300
70,LP001243,1,1,0,0,1,3208,3066,172,360,1,1,1,6274
71,LP001245,1,1,2,1,0,1875,1875,97,360,1,0,1,3750
72,LP001248,1,0,0,0,1,3500,0,81,300,1,0,1,3500
73,LP001250,1,1,3,0,0,4755,0,95,360,0,0,0,4755
74,LP001253,1,1,3,1,1,5266,1774,187,360,1,0,1,7040
75,LP001255,1,0,0,0,1,3750,0,113,480,1,1,0,3750
76,LP001256,1,0,0,0,1,3750,4750,176,360,1,1,0,8500
77,LP001259,1,1,1,1,1,1000,3022,110,360,1,1,0,4022
78,LP001263,1,1,3,0,1,3167,4000,180,300,0,0,0,7167
79,LP001264,1,1,3,1,0,3333,2166,130,360,1,0,1,5499
80,LP001265,0,0,0,0,1,3846,0,111,360,1,0,1,3846
81,LP001266,1,1,1,1,1,2395,0,120,360,1,0,1,2395
82,LP001267,0,1,2,0,1,1378,1881,167,360,1,1,0,3259
83,LP001273,1,1,0,0,1,6000,2250,265,360,1,0,0,8250
84,LP001275,1,1,1,0,1,3988,0,50,240,1,1,1,3988
85,LP001279,1,0,0,0,1,2366,2531,136,360,1,0,1,4897
86,LP001280,1,1,2,0,0,3333,2000,99,360,1,0,1,5333
87,LP001282,1,1,0,0,1,2500,2118,104,360,1,0,1,4618
88,LP001289,1,0,0,0,1,8566,0,210,360,1,1,1,8566
89,LP001310,1,1,0,0,1,5695,4167,175,360,1,0,1,9862
90,LP001316,1,1,0,0,1,2958,2900,131,360,1,0,1,5858
91,LP001318,1,1,2,0,1,6250,5654,188,180,1,0,1,11904
92,LP001319,1,1,2,0,0,3273,1820,81,360,1,1,1,5093
93,LP001322,1,0,0,0,1,4133,0,122,360,1,0,1,4133
94,LP001325,1,0,0,0,0,3620,0,25,120,1,0,1,3620
95,LP001326,1,0,0,0,1,6782,0,120,360,1,1,0,6782
96,LP001327,0,1,0,0,1,2484,2302,137,360,1,0,1,4786
97,LP001333,1,1,0,0,1,1977,997,50,360,1,0,1,2974
98,LP001334,1,1,0,0,0,4188,0,115,180,1,0,1,4188
99,LP001343,1,1,0,0,1,1759,3541,131,360,1,0,1,5300
100,LP001345,1,1,2,0,0,4288,3263,133,180,1,1,1,7551
101,LP001349,1,0,0,0,1,4843,3806,151,360,1,0,1,8649
102,LP001350,1,1,0,0,1,13650,0,120,360,1,1,1,13650
103,LP001356,1,1,0,0,1,4652,3583,120,360,1,0,1,8235
104,LP001357,1,1,0,0,1,3816,754,160,360,1,1,1,4570
105,LP001367,1,1,1,0,1,3052,1030,100,360,1,1,1,4082
106,LP001369,1,1,2,0,1,11417,1126,225,360,1,1,1,12543
107,LP001370,1,0,0,0,0,7333,0,120,360,1,-1,0,7333
108,LP001379,1,1,2,0,1,3800,3600,216,360,0,1,0,7400
109,LP001384,1,1,3,0,0,2071,754,94,480,1,0,1,2825
110,LP001385,1,0,0,0,1,5316,0,136,360,1,1,1,5316
111,LP001387,0,1,0,0,1,2929,2333,139,360,1,0,1,5262
112,LP001391,1,1,0,0,0,3572,4114,152,360,0,-1,0,7686
113,LP001392,0,0,1,1,1,7451,0,120,360,1,0,1,7451
114,LP001398,1,0,0,0,1,5050,0,118,360,1,0,1,5050
115,LP001401,1,1,1,0,1,14583,0,185,180,1,-1,1,14583
116,LP001404,0,1,0,0,1,3167,2283,154,360,1,0,1,5450
117,LP001405,1,1,1,0,1,2214,1398,85,360,1,1,1,3612
118,LP001421,1,1,0,0,1,5568,2142,175,360,1,-1,0,7710
119,LP001422,0,0,0,0,1,10408,0,259,360,1,1,1,10408
120,LP001426,1,1,0,0,1,5667,2667,180,360,1,-1,1,8334
121,LP001430,0,0,0,0,1,4166,0,44,360,1,0,1,4166
122,LP001431,0,0,0,0,1,2137,8980,137,360,0,0,1,11117
123,LP001432,1,1,2,0,1,2957,0,81,360,1,0,1,2957
124,LP001439,1,1,0,0,0,4300,2014,194,360,1,-1,1,6314
125,LP001443,0,0,0,0,1,3692,0,93,360,1,-1,1,3692
126,LP001448,1,1,3,0,1,23803,0,370,360,1,-1,1,23803
127,LP001449,1,0,0,0,1,3865,1640,120,360,1,-1,1,5505
128,LP001451,1,1,1,1,1,10513,3850,160,180,0,1,0,14363
129,LP001465,1,1,0,0,1,6080,2569,182,360,1,-1,0,8649
130,LP001469,1,0,0,1,1,20166,0,650,480,1,1,1,20166
131,LP001473,1,0,0,0,1,2014,1929,74,360,1,1,1,3943
132,LP001478,1,0,0,0,1,2718,0,70,360,1,0,1,2718
133,LP001482,1,1,0,1,1,3459,0,25,120,1,0,1,3459
134,LP001487,1,0,0,0,1,4895,0,102,360,1,0,1,4895
135,LP001488,1,1,3,0,1,4000,7750,290,360,1,0,0,11750
136,LP001489,0,1,0,0,1,4583,0,84,360,1,-1,0,4583
137,LP001491,1,1,2,1,1,3316,3500,88,360,1,1,1,6816
138,LP001492,1,0,0,0,1,14999,0,242,360,0,0,0,14999
139,LP001493,1,1,2,0,0,4200,1430,129,360,1,-1,0,5630
140,LP001497,1,1,2,0,1,5042,2083,185,360,1,-1,0,7125
141,LP001498,1,0,0,0,1,5417,0,168,360,1,1,1,5417
142,LP001504,1,0,0,1,1,6950,0,175,180,1,0,1,6950
143,LP001507,1,1,0,0,1,2698,2034,122,360,1,0,1,4732
144,LP001508,1,1,2,0,1,11757,0,187,180,1,1,1,11757
145,LP001514,0,1,0,0,1,2330,4486,100,360,1,0,1,6816
146,LP001516,0,1,2,0,1,14866,0,70,360,1,1,1,14866
147,LP001518,1,1,1,0,1,1538,1425,30,360,1,1,1,2963
148,LP001519,0,0,0,0,1,10000,1666,225,360,1,-1,0,11666
149,LP001520,1,1,0,0,1,4860,830,125,360,1,0,1,5690
150,LP001528,1,0,0,0,1,6277,0,118,360,0,-1,0,6277
151,LP001529,1,1,0,1,1,2577,3750,152,360,1,-1,1,6327
152,LP001531,1,0,0,0,1,9166,0,244,360,1,1,0,9166
153,LP001532,1,1,2,0,0,2281,0,113,360,1,-1,0,2281
154,LP001535,1,0,0,0,1,3254,0,50,360,1,1,1,3254
155,LP001536,1,1,3,0,1,39999,0,600,180,0,0,1,39999
156,LP001541,1,1,1,0,1,6000,0,160,360,1,-1,1,6000
157,LP001543,1,1,1,0,1,9538,0,187,360,1,1,1,9538
158,LP001546,1,0,0,0,1,2980,2083,120,360,1,-1,1,5063
159,LP001552,1,1,0,0,1,4583,5625,255,360,1,0,1,10208
160,LP001560,1,1,0,0,0,1863,1041,98,360,1,0,1,2904
161,LP001562,1,1,0,0,1,7933,0,275,360,1,1,0,7933
162,LP001565,1,1,1,0,1,3089,1280,121,360,0,0,0,4369
163,LP001570,1,1,2,0,1,4167,1447,158,360,1,-1,1,5614
164,LP001572,1,1,0,0,1,9323,0,75,180,1,1,1,9323
165,LP001574,1,1,0,0,1,3707,3166,182,360,1,-1,1,6873
166,LP001577,0,1,0,0,1,4583,0,112,360,1,-1,0,4583
167,LP001578,1,1,0,0,1,2439,3333,129,360,1,-1,1,5772
168,LP001579,1,0,0,0,1,2237,0,63,480,0,0,0,2237
169,LP001580,1,1,2,0,1,8000,0,200,360,1,0,1,8000
170,LP001581,1,1,0,0,0,1820,1769,95,360,1,-1,1,3589
171,LP001585,1,1,3,0,1,51763,0,700,300,1,1,1,51763
172,LP001586,1,1,3,0,0,3522,0,81,180,1,-1,0,3522
173,LP001594,1,1,0,0,1,5708,5625,187,360,1,0,1,11333
174,LP001603,1,1,0,1,0,4344,736,87,360,1,0,0,5080
175,LP001606,1,1,0,0,1,3497,1964,116,360,1,-1,1,5461
176,LP001608,1,1,2,0,1,2045,1619,101,360,1,-1,1,3664
177,LP001610,1,1,3,0,1,5516,11300,495,360,0,0,0,16816
178,LP001616,1,1,1,0,1,3750,0,116,360,1,0,1,3750
179,LP001630,1,0,0,0,0,2333,1451,102,480,0,1,0,3784
180,LP001633,1,1,1,0,1,6400,7250,180,360,0,1,0,13650
181,LP001634,1,0,0,0,1,1916,5063,67,360,1,-1,0,6979
182,LP001636,1,1,0,0,1,4600,0,73,180,1,0,1,4600
183,LP001637,1,1,1,0,1,33846,0,260,360,1,0,0,33846
184,LP001639,0,1,0,0,1,3625,0,108,360,1,0,1,3625
185,LP001640,1,1,0,1,1,39147,4750,120,360,1,0,1,43897
186,LP001641,1,1,1,1,1,2178,0,66,300,0,-1,0,2178
187,LP001643,1,1,0,0,1,2383,2138,58,360,1,-1,1,4521
188,LP001644,1,1,0,1,1,674,5296,168,360,1,-1,1,5970
189,LP001647,1,1,0,0,1,9328,0,188,180,1,-1,1,9328
190,LP001653,1,0,0,0,0,4885,0,48,360,1,-1,1,4885
191,LP001656,1,0,0,0,1,12000,0,164,360,1,0,0,12000
192,LP001657,1,1,0,0,0,6033,0,160,360,1,1,0,6033
193,LP001658,1,0,0,0,1,3858,0,76,360,1,0,1,3858
194,LP001664,1,0,0,0,1,4191,0,120,360,1,-1,1,4191
195,LP001665,1,1,1,0,1,3125,2583,170,360,1,0,0,5708
196,LP001666,1,0,0,0,1,8333,3750,187,360,1,-1,1,12083
197,LP001669,0,0,0,0,0,1907,2365,120,360,1,1,1,4272
198,LP001671,0,1,0,0,1,3416,2816,113,360,1,0,1,6232
199,LP001673,1,0,0,1,1,11000,0,83,360,1,1,0,11000
200,LP001674,1,1,1,0,0,2600,2500,90,360,1,0,1,5100
201,LP001677,1,0,2,0,1,4923,0,166,360,0,0,1,4923
202,LP001682,1,1,3,0,0,3992,0,120,180,1,1,0,3992
203,LP001688,1,1,1,0,0,3500,1083,135,360,1,1,1,4583
204,LP001691,1,1,2,0,0,3917,0,124,360,1,0,1,3917
205,LP001692,0,0,0,0,0,4408,0,120,360,1,0,1,4408
206,LP001693,0,0,0,0,1,3244,0,80,360,1,1,1,3244
207,LP001698,1,0,0,0,0,3975,2531,55,360,1,-1,1,6506
208,LP001699,1,0,0,0,1,2479,0,59,360,1,1,1,2479
209,LP001702,1,0,0,0,1,3418,0,127,360,1,0,0,3418
210,LP001708,0,0,0,0,1,10000,0,214,360,1,0,0,10000
211,LP001711,1,1,3,0,1,3430,1250,128,360,0,0,0,4680
212,LP001713,1,1,1,1,1,7787,0,240,360,1,1,1,7787
213,LP001715,1,1,3,1,0,5703,0,130,360,1,-1,1,5703
214,LP001716,1,1,0,0,1,3173,3021,137,360,1,1,1,6194
215,LP001720,1,1,3,0,0,3850,983,100,360,1,0,1,4833
216,LP001722,1,1,0,0,1,150,1800,135,360,1,-1,0,1950
217,LP001726,1,1,0,0,1,3727,1775,131,360,1,0,1,5502
218,LP001732,1,1,2,0,1,5000,0,72,360,0,0,0,5000
219,LP001734,0,1,2,0,1,4283,2383,127,360,1,0,1,6666
220,LP001736,1,1,0,0,1,2221,0,60,360,0,1,0,2221
221,LP001743,1,1,2,0,1,4009,1717,116,360,1,0,1,5726
222,LP001744,1,0,0,0,1,2971,2791,144,360,1,0,1,5762
223,LP001749,1,1,0,0,1,7578,1010,175,360,1,0,1,8588
224,LP001750,1,1,0,0,1,6250,0,128,360,1,0,1,6250
225,LP001751,1,1,0,0,1,3250,0,170,360,1,-1,0,3250
226,LP001754,1,1,0,1,0,4735,0,138,360,1,1,0,4735
227,LP001758,1,1,2,0,1,6250,1695,210,360,1,0,1,7945
228,LP001760,1,1,0,0,1,4758,0,158,480,1,0,1,4758
229,LP001761,1,0,0,1,1,6400,0,200,360,1,-1,1,6400
230,LP001765,1,1,1,0,1,2491,2054,104,360,1,0,1,4545
231,LP001768,1,1,0,0,1,3716,0,42,180,1,-1,1,3716
232,LP001770,1,0,0,0,0,3189,2598,120,360,1,-1,1,5787
233,LP001776,0,0,0,0,1,8333,0,280,360,1,0,1,8333
234,LP001778,1,1,1,0,1,3155,1779,140,360,1,0,1,4934
235,LP001784,1,1,1,0,1,5500,1260,170,360,1,-1,1,6760
236,LP001786,1,1,0,0,1,5746,0,255,360,1,1,0,5746
237,LP001788,0,0,0,1,1,3463,0,122,360,1,1,1,3463
238,LP001790,0,0,1,0,1,3812,0,112,360,1,-1,1,3812
239,LP001792,1,1,1,0,1,3315,0,96,360,1,0,1,3315
240,LP001798,1,1,2,0,1,5819,5000,120,360,1,-1,1,10819
241,LP001800,1,1,1,0,0,2510,1983,140,180,1,1,0,4493
242,LP001806,1,0,0,0,1,2965,5701,155,60,1,1,1,8666
243,LP001807,1,1,2,1,1,6250,1300,108,360,1,-1,1,7550
244,LP001811,1,1,0,0,0,3406,4417,123,360,1,0,1,7823
245,LP001813,1,0,0,1,1,6050,4333,120,180,1,1,0,10383
246,LP001814,1,1,2,0,1,9703,0,112,360,1,1,1,9703
247,LP001819,1,1,1,0,0,6608,0,137,180,1,1,1,6608
248,LP001824,1,1,1,0,1,2882,1843,123,480,1,0,1,4725
249,LP001825,1,1,0,0,1,1809,1868,90,360,1,1,1,3677
250,LP001835,1,1,0,0,0,1668,3890,201,360,0,0,0,5558
251,LP001836,0,0,2,0,1,3427,0,138,360,1,1,0,3427
252,LP001841,1,0,0,1,0,2583,2167,104,360,1,-1,1,4750
253,LP001843,1,1,1,0,0,2661,7101,279,180,1,0,1,9762
254,LP001844,1,0,0,1,1,16250,0,192,360,0,1,0,16250
255,LP001846,0,0,3,0,1,3083,0,255,360,1,-1,1,3083
256,LP001849,1,0,0,0,0,6045,0,115,360,0,-1,0,6045
257,LP001854,1,1,3,0,1,5250,0,94,360,1,1,0,5250
258,LP001859,1,1,0,0,1,14683,2100,304,360,1,-1,0,16783
259,LP001864,1,1,3,0,0,4931,0,128,360,1,0,0,4931
260,LP001865,1,1,1,0,1,6083,4250,330,360,1,1,1,10333
261,LP001868,1,0,0,0,1,2060,2209,134,360,1,0,1,4269
262,LP001870,0,0,1,0,1,3481,0,155,36,1,0,0,3481
263,LP001871,0,0,0,0,1,7200,0,120,360,1,-1,1,7200
264,LP001872,1,0,0,1,1,5166,0,128,360,1,0,1,5166
265,LP001875,1,0,0,0,1,4095,3447,151,360,1,-1,1,7542
266,LP001877,1,1,2,0,1,4708,1387,150,360,1,0,1,6095
267,LP001882,1,1,3,0,1,4333,1811,160,360,0,1,1,6144
268,LP001883,0,0,0,0,1,3418,0,135,360,1,-1,0,3418
269,LP001884,0,0,1,0,1,2876,1560,90,360,1,1,1,4436
270,LP001888,0,0,0,0,1,3237,0,30,360,1,1,1,3237
271,LP001891,1,1,0,0,1,11146,0,136,360,1,1,1,11146
272,LP001892,1,0,0,0,1,2833,1857,126,360,1,-1,1,4690
273,LP001894,1,1,0,0,1,2620,2223,150,360,1,0,1,4843
274,LP001896,1,1,2,0,1,3900,0,90,360,1,0,1,3900
275,LP001900,1,1,1,0,1,2750,1842,115,360,1,0,1,4592
276,LP001903,1,1,0,0,1,3993,3274,207,360,1,0,1,7267
277,LP001904,1,1,0,0,1,3103,1300,80,360,1,1,1,4403
278,LP001907,1,1,0,0,1,14583,0,436,360,1,0,1,14583
279,LP001908,0,1,0,0,0,4100,0,124,360,1,-1,1,4100
280,LP001910,1,0,1,1,0,4053,2426,158,360,0,1,0,6479
281,LP001914,1,1,0,0,1,3927,800,112,360,1,0,1,4727
282,LP001915,1,1,2,0,1,2301,985.7999878,78,180,1,1,1,3286.799988
283,LP001917,0,0,0,0,1,1811,1666,54,360,1,1,1,3477
284,LP001922,1,1,0,0,1,20667,0,120,360,1,-1,0,20667
285,LP001924,1,0,0,0,1,3158,3053,89,360,1,-1,1,6211
286,LP001925,0,0,0,1,1,2600,1717,99,300,1,0,0,4317
287,LP001926,1,1,0,0,1,3704,2000,120,360,1,-1,1,5704
288,LP001931,0,0,0,0,1,4124,0,115,360,1,0,1,4124
289,LP001935,1,0,0,0,1,9508,0,187,360,1,-1,1,9508
290,LP001936,1,1,0,0,1,3075,2416,139,360,1,-1,1,5491
291,LP001938,1,1,2,0,1,4400,0,127,360,0,0,0,4400
292,LP001940,1,1,2,0,1,3153,1560,134,360,1,1,1,4713
293,LP001945,0,0,0,0,1,5417,0,143,480,0,1,0,5417
294,LP001947,1,1,0,0,1,2383,3334,172,360,1,0,1,5717
295,LP001949,1,1,3,0,1,4416,1250,110,360,1,1,1,5666
296,LP001953,1,1,1,0,1,6875,0,200,360,1,0,1,6875
297,LP001954,0,1,1,0,1,4666,0,135,360,1,1,1,4666
298,LP001955,0,0,0,0,1,5000,2541,151,480,1,-1,0,7541
299,LP001963,1,1,1,0,1,2014,2925,113,360,1,1,0,4939
300,LP001964,1,1,0,0,0,1800,2934,93,360,0,1,0,4734
301,LP001972,1,1,0,0,0,2875,1750,105,360,1,0,1,4625
302,LP001974,0,0,0,0,1,5000,0,132,360,1,-1,1,5000
303,LP001977,1,1,1,0,1,1625,1803,96,360,1,1,1,3428
304,LP001978,1,0,0,0,1,4000,2500,140,360,1,-1,1,6500
305,LP001990,1,0,0,0,0,2000,0,120,360,1,1,0,2000
306,LP001993,0,0,0,0,1,3762,1666,135,360,1,-1,1,5428
307,LP001994,0,0,0,0,1,2400,1863,104,360,0,1,0,4263
308,LP001996,1,0,0,0,1,20233,0,480,360,1,-1,0,20233
309,LP001998,1,1,2,0,0,7667,0,185,360,1,-1,1,7667
310,LP002002,0,0,0,0,1,2917,0,84,360,1,0,1,2917
311,LP002004,1,0,0,0,0,2927,2405,111,360,1,0,1,5332
312,LP002006,0,0,0,0,1,2507,0,56,360,1,-1,1,2507
313,LP002008,1,1,2,1,1,5746,0,144,84,1,-1,1,5746
314,LP002024,1,1,0,0,1,2473,1843,159,360,1,-1,0,4316
315,LP002031,1,1,1,0,0,3399,1640,111,180,1,1,1,5039
316,LP002035,1,1,2,0,1,3717,0,120,360,1,0,1,3717
317,LP002036,1,1,0,0,1,2058,2134,88,360,1,1,1,4192
318,LP002043,0,0,1,0,1,3541,0,112,360,1,0,1,3541
319,LP002050,1,1,1,1,1,10000,0,155,360,1,-1,0,10000
320,LP002051,1,1,0,0,1,2400,2167,115,360,1,0,1,4567
321,LP002053,1,1,3,0,1,4342,189,124,360,1,0,1,4531
322,LP002054,1,1,2,0,0,3601,1590,120,360,1,-1,1,5191
323,LP002055,0,0,0,0,1,3166,2985,132,360,1,-1,1,6151
324,LP002065,1,1,3,0,1,15000,0,300,360,1,-1,1,15000
325,LP002067,1,1,1,1,1,8666,4983,376,360,0,-1,0,13649
326,LP002068,1,0,0,0,1,4917,0,130,360,0,-1,1,4917
327,LP002082,1,1,0,1,1,5818,2160,184,360,1,0,1,7978
328,LP002086,0,1,0,0,1,4333,2451,110,360,1,1,0,6784
329,LP002087,0,0,0,0,1,2500,0,67,360,1,1,1,2500
330,LP002097,1,0,1,0,1,4384,1793,117,360,1,1,1,6177
331,LP002098,1,0,0,0,1,2935,0,98,360,1,0,1,2935
332,LP002100,1,0,0,0,1,2833,0,71,360,1,1,1,2833
333,LP002101,1,1,0,0,1,63337,0,490,180,1,1,1,63337
334,LP002103,1,1,1,1,1,9833,1833,182,180,1,1,1,11666
335,LP002106,1,1,0,1,1,5503,4490,70,360,1,0,1,9993
336,LP002110,1,1,1,0,1,5250,688,160,360,1,-1,1,5938
337,LP002112,1,1,2,1,1,2500,4600,176,360,1,-1,1,7100
338,LP002113,0,0,3,0,0,1830,0,120,360,0,1,0,1830
339,LP002114,0,0,0,0,1,4160,0,71,360,1,0,1,4160
340,LP002115,1,1,3,0,0,2647,1587,173,360,1,-1,0,4234
341,LP002116,0,0,0,0,1,2378,0,46,360,1,-1,0,2378
342,LP002119,1,1,1,0,0,4554,1229,158,360,1,1,1,5783
343,LP002126,1,1,3,0,0,3173,0,74,360,1,0,1,3173
344,LP002128,1,1,2,0,1,2583,2330,125,360,1,-1,1,4913
345,LP002129,1,1,0,0,1,2499,2458,160,360,1,0,1,4957
346,LP002130,1,1,0,0,0,3523,3230,152,360,0,-1,0,6753
347,LP002131,1,1,2,0,0,3083,2168,126,360,1,1,1,5251
348,LP002137,1,1,0,0,1,6333,4583,259,360,1,0,1,10916
349,LP002138,1,1,0,0,1,2625,6250,187,360,1,-1,1,8875
350,LP002139,1,1,0,0,1,9083,0,228,360,1,0,1,9083
351,LP002140,1,0,0,0,1,8750,4167,308,360,1,-1,0,12917
352,LP002141,1,1,3,0,1,2666,2083,95,360,1,-1,1,4749
353,LP002142,0,1,0,1,1,5500,0,105,360,0,-1,0,5500
354,LP002143,0,1,0,0,1,2423,505,130,360,1,0,1,2928
355,LP002144,0,0,0,0,1,3813,0,116,180,1,1,1,3813
356,LP002149,1,1,2,0,1,8333,3167,165,360,1,-1,1,11500
357,LP002151,1,1,1,0,1,3875,0,67,360,1,1,0,3875
358,LP002158,1,1,0,0,0,3000,1666,100,480,0,1,0,4666
359,LP002160,1,1,3,0,1,5167,3167,200,360,1,0,1,8334
360,LP002161,0,0,1,0,1,4723,0,81,360,1,0,0,4723
361,LP002170,1,1,2,0,1,5000,3667,236,360,1,0,1,8667
362,LP002175,1,1,0,0,1,4750,2333,130,360,1,1,1,7083
363,LP002178,1,1,0,0,1,3013,3033,95,300,1,1,1,6046
364,LP002180,1,0,0,1,1,6822,0,141,360,1,-1,1,6822
365,LP002181,1,0,0,0,0,6216,0,133,360,1,-1,0,6216
366,LP002187,1,0,0,0,1,2500,0,96,480,1,0,0,2500
367,LP002188,1,0,0,0,1,5124,0,124,360,0,-1,0,5124
368,LP002190,1,1,1,0,1,6325,0,175,360,1,0,1,6325
369,LP002191,1,1,0,0,1,19730,5266,570,360,1,-1,0,24996
370,LP002194,0,0,0,1,1,15759,0,55,360,1,0,1,15759
371,LP002197,1,1,2,0,1,5185,0,155,360,1,0,1,5185
372,LP002201,1,1,2,1,1,9323,7873,380,300,1,-1,1,17196
373,LP002205,1,0,1,0,1,3062,1987,111,180,0,1,0,5049
374,LP002209,0,0,0,0,1,2764,1459,110,360,1,1,1,4223
375,LP002211,1,1,0,0,1,4817,923,120,180,1,1,1,5740
376,LP002219,1,1,3,0,1,8750,4996,130,360,1,-1,1,13746
377,LP002223,1,1,0,0,1,4310,0,130,360,1,0,1,4310
378,LP002224,1,0,0,0,1,3069,0,71,480,1,1,0,3069
379,LP002225,1,1,2,0,1,5391,0,130,360,1,1,1,5391
380,LP002226,1,1,0,0,1,3333,2500,128,360,1,0,1,5833
381,LP002229,1,0,0,0,1,5941,4232,296,360,1,0,1,10173
382,LP002231,0,0,0,0,1,6000,0,156,360,1,1,1,6000
383,LP002234,1,0,0,1,1,7167,0,128,360,1,1,1,7167
384,LP002236,1,1,2,0,1,4566,0,100,360,1,1,0,4566
385,LP002237,1,0,1,0,1,3667,0,113,180,1,1,1,3667
386,LP002239,1,0,0,0,0,2346,1600,132,360,1,0,1,3946
387,LP002243,1,1,0,0,0,3010,3136,120,360,0,1,0,6146
388,LP002244,1,1,0,0,1,2333,2417,136,360,1,1,1,4750
389,LP002250,1,1,0,0,1,5488,0,125,360,1,-1,1,5488
390,LP002255,1,0,3,0,1,9167,0,185,360,1,-1,1,9167
391,LP002262,1,1,3,0,1,9504,0,275,360,1,-1,1,9504
392,LP002263,1,1,0,0,1,2583,2115,120,360,1,1,1,4698
393,LP002265,1,1,2,0,0,1993,1625,113,180,1,0,1,3618
394,LP002266,1,1,2,0,1,3100,1400,113,360,1,1,1,4500
395,LP002272,1,1,2,0,1,3276,484,135,360,1,0,1,3760
396,LP002277,0,0,0,0,1,3180,0,71,360,0,1,0,3180
397,LP002281,1,1,0,0,1,3033,1459,95,360,1,1,1,4492
398,LP002284,1,0,0,0,0,3902,1666,109,360,1,-1,1,5568
399,LP002287,0,0,0,0,1,1500,1800,103,360,0,0,0,3300
400,LP002288,1,1,2,0,0,2889,0,45,180,0,1,0,2889
401,LP002296,1,0,0,0,0,2755,0,65,300,1,-1,0,2755
402,LP002297,1,0,0,0,1,2500,20000,103,360,1,0,1,22500
403,LP002300,0,0,0,0,0,1963,0,53,360,1,0,1,1963
404,LP002301,0,0,0,1,1,7441,0,194,360,1,-1,0,7441
405,LP002305,0,0,0,0,1,4547,0,115,360,1,0,1,4547
406,LP002308,1,1,0,0,0,2167,2400,115,360,1,1,1,4567
407,LP002314,0,0,0,0,0,2213,0,66,360,1,-1,1,2213
408,LP002315,1,1,1,0,1,8300,0,152,300,0,0,0,8300
409,LP002317,1,1,3,0,1,81000,0,360,360,0,-1,0,81000
410,LP002318,0,0,1,1,0,3867,0,62,360,1,0,0,3867
411,LP002319,1,1,0,0,1,6256,0,160,360,1,1,1,6256
412,LP002328,1,1,0,0,0,6096,0,218,360,0,-1,0,6096
413,LP002332,1,1,0,0,0,2253,2033,110,360,1,-1,1,4286
414,LP002335,0,1,0,0,0,2149,3237,178,360,0,0,0,5386
415,LP002337,0,0,0,0,1,2995,0,60,360,1,1,1,2995
416,LP002341,0,0,1,0,1,2600,0,160,360,1,1,0,2600
417,LP002342,1,1,2,1,1,1600,20000,239,360,1,1,0,21600
418,LP002345,1,1,0,0,1,1025,2773,112,360,1,-1,1,3798
419,LP002347,1,1,0,0,1,3246,1417,138,360,1,0,1,4663
420,LP002348,1,1,0,0,1,5829,0,138,360,1,-1,1,5829
421,LP002357,0,0,0,0,0,2720,0,80,360,0,1,0,2720
422,LP002361,1,1,0,0,1,1820,1719,100,360,1,1,1,3539
423,LP002362,1,1,1,0,1,7250,1667,110,360,0,1,0,8917
424,LP002364,1,1,0,0,1,14880,0,96,360,1,0,1,14880
425,LP002366,1,1,0,0,1,2666,4300,121,360,1,-1,1,6966
426,LP002367,0,0,1,0,0,4606,0,81,360,1,-1,0,4606
427,LP002368,1,1,2,0,1,5935,0,133,360,1,0,1,5935
428,LP002369,1,1,0,0,1,2920,16.12000084,87,360,1,-1,1,2936.120001
429,LP002370,1,0,0,0,0,2717,0,60,180,1,1,1,2717
430,LP002377,0,0,1,1,1,8624,0,150,360,1,0,1,8624
431,LP002379,1,0,0,0,1,6500,0,105,360,0,-1,0,6500
432,LP002386,1,0,0,0,1,12876,0,405,360,1,0,1,12876
433,LP002387,1,1,0,0,1,2425,2340,143,360,1,0,1,4765
434,LP002390,1,0,0,0,1,3750,0,100,360,1,1,1,3750
435,LP002393,0,1,0,0,1,10047,0,120,240,1,0,1,10047
436,LP002398,1,0,0,0,1,1926,1851,50,360,1,0,1,3777
437,LP002401,1,1,0,0,1,2213,1125,120,360,1,1,1,3338
438,LP002403,1,0,0,1,1,10416,0,187,360,0,1,0,10416
439,LP002407,0,1,0,1,0,7142,0,138,360,1,-1,1,7142
440,LP002408,1,0,0,0,1,3660,5064,187,360,1,0,1,8724
441,LP002409,1,1,0,0,1,7901,1833,180,360,1,-1,1,9734
442,LP002418,1,0,3,0,0,4707,1993,148,360,1,0,1,6700
443,LP002422,1,0,1,0,1,37719,0,152,360,1,0,1,37719
444,LP002424,1,1,0,0,1,7333,8333,175,300,1,-1,1,15666
445,LP002429,1,1,1,1,1,3466,1210,130,360,1,-1,1,4676
446,LP002434,1,1,2,0,0,4652,0,110,360,1,-1,1,4652
447,LP002435,1,1,0,0,1,3539,1376,55,360,1,-1,0,4915
448,LP002443,1,1,2,0,1,3340,1710,150,360,0,-1,0,5050
449,LP002444,1,0,1,1,0,2769,1542,190,360,1,0,0,4311
450,LP002446,1,1,2,0,0,2309,1255,125,360,0,-1,0,3564
451,LP002447,1,1,2,0,0,1958,1456,60,300,1,1,1,3414
452,LP002448,1,1,0,0,1,3948,1733,149,360,0,-1,0,5681
453,LP002449,1,1,0,0,1,2483,2466,90,180,0,-1,1,4949
454,LP002453,1,0,0,1,1,7085,0,84,360,1,0,1,7085
455,LP002455,1,1,2,0,1,3859,0,96,360,1,0,1,3859
456,LP002459,1,1,0,0,1,4301,0,118,360,1,1,1,4301
457,LP002467,1,1,0,0,1,3708,2569,173,360,1,1,0,6277
458,LP002472,1,0,2,0,1,4354,0,136,360,1,-1,1,4354
459,LP002473,1,1,0,0,1,8334,0,160,360,1,0,0,8334
460,LP002478,1,1,0,1,1,2083,4083,160,360,1,0,1,6166
461,LP002484,1,1,3,0,1,7740,0,128,180,1,1,1,7740
462,LP002487,1,1,0,0,1,3015,2188,153,360,1,-1,1,5203
463,LP002489,0,0,1,0,0,5191,0,132,360,1,0,1,5191
464,LP002493,1,0,0,0,1,4166,0,98,360,0,0,0,4166
465,LP002494,1,0,0,0,1,6000,0,140,360,1,-1,1,6000
466,LP002500,1,1,3,0,0,2947,1664,70,180,0,1,0,4611
467,LP002501,1,1,0,0,1,16692,0,110,360,1,0,1,16692
468,LP002502,0,1,2,0,0,210,2917,98,360,1,0,1,3127
469,LP002505,1,1,0,0,1,4333,2451,110,360,1,1,0,6784
470,LP002515,1,1,1,1,1,3450,2079,162,360,1,0,1,5529
471,LP002517,1,1,1,0,0,2653,1500,113,180,0,-1,0,4153
472,LP002519,1,1,3,0,1,4691,0,100,360,1,0,1,4691
473,LP002522,0,0,0,1,1,2500,0,93,360,1,1,1,2500
474,LP002524,1,0,2,0,1,5532,4648,162,360,1,-1,1,10180
475,LP002527,1,1,2,1,1,16525,1014,150,360,1,-1,1,17539
476,LP002529,1,1,2,0,1,6700,1750,230,300,1,0,1,8450
477,LP002530,1,1,2,0,1,2873,1872,132,360,0,0,0,4745
478,LP002531,1,1,1,1,1,16667,2250,86,360,1,0,1,18917
479,LP002533,1,1,2,0,1,2947,1603,120,360,1,1,0,4550
480,LP002534,0,0,0,0,0,4350,0,154,360,1,-1,1,4350
481,LP002536,1,1,3,0,0,3095,0,113,360,1,-1,1,3095
482,LP002537,1,1,0,0,1,2083,3150,128,360,1,0,1,5233
483,LP002541,1,1,0,0,1,10833,0,234,360,1,0,1,10833
484,LP002543,1,1,2,0,1,8333,0,246,360,1,0,1,8333
485,LP002544,1,1,1,0,0,1958,2436,131,360,1,-1,1,4394
486,LP002545,1,0,2,0,1,3547,0,80,360,0,-1,0,3547
487,LP002547,1,1,1,0,1,18333,0,500,360,1,1,0,18333
488,LP002555,1,1,2,1,1,4583,2083,160,360,1,0,1,6666
489,LP002556,1,0,0,0,1,2435,0,75,360,1,1,0,2435
490,LP002560,1,0,0,0,0,2699,2785,96,360,1,0,1,5484
491,LP002562,1,1,1,0,0,5333,1131,186,360,1,1,1,6464
492,LP002571,1,0,0,0,0,3691,0,110,360,1,-1,1,3691
493,LP002582,0,0,0,1,0,17263,0,225,360,1,0,1,17263
494,LP002585,1,1,0,0,1,3597,2157,119,360,0,-1,0,5754
495,LP002586,0,1,1,0,1,3326,913,105,84,1,0,1,4239
496,LP002587,1,1,0,0,0,2600,1700,107,360,1,-1,1,4300
497,LP002588,1,1,0,0,1,4625,2857,111,12,1,1,1,7482
498,LP002600,1,1,1,1,1,2895,0,95,360,1,0,1,2895
499,LP002602,1,0,0,0,1,6283,4416,209,360,0,-1,0,10699
500,LP002603,0,0,0,0,1,645,3683,113,480,1,-1,1,4328
501,LP002606,0,0,0,0,1,3159,0,100,360,1,0,1,3159
502,LP002615,1,1,2,0,1,4865,5624,208,360,1,0,1,10489
503,LP002618,1,1,1,0,0,4050,5302,138,360,1,-1,0,9352
504,LP002619,1,1,0,0,0,3814,1483,124,300,1,0,1,5297
505,LP002622,1,1,2,0,1,3510,4416,243,360,1,-1,1,7926
506,LP002624,1,1,0,0,1,20833,6667,480,360,1,1,1,27500
507,LP002625,1,0,0,0,1,3583,0,96,360,1,1,0,3583
508,LP002626,1,1,0,1,1,2479,3013,188,360,1,1,1,5492
509,LP002634,0,0,1,0,1,13262,0,40,360,1,1,1,13262
510,LP002637,1,0,0,0,0,3598,1287,100,360,1,-1,0,4885
511,LP002640,1,1,1,0,1,6065,2004,250,360,1,0,1,8069
512,LP002643,1,1,2,0,1,3283,2035,148,360,1,1,1,5318
513,LP002648,1,1,0,0,1,2130,6666,70,180,1,0,0,8796
514,LP002652,1,0,0,0,1,5815,3666,311,360,1,-1,0,9481
515,LP002659,1,1,3,0,1,3466,3428,150,360,1,-1,1,6894
516,LP002670,0,1,2,0,1,2031,1632,113,480,1,0,1,3663
517,LP002682,1,1,0,0,0,3074,1800,123,360,0,0,0,4874
518,LP002683,1,0,0,0,1,4683,1915,185,360,1,0,0,6598
519,LP002684,0,0,0,0,0,3400,0,95,360,1,-1,0,3400
520,LP002689,1,1,2,0,0,2192,1742,45,360,1,0,1,3934
521,LP002690,1,0,0,0,1,2500,0,55,360,1,0,1,2500
522,LP002692,1,1,3,1,1,5677,1424,100,360,1,-1,1,7101
523,LP002693,1,1,2,1,1,7948,7166,480,360,1,-1,1,15114
524,LP002697,1,0,0,0,1,4680,2087,120,360,1,0,0,6767
525,LP002699,1,1,2,1,1,17500,0,400,360,1,-1,1,17500
526,LP002705,1,1,0,0,1,3775,0,110,360,1,0,1,3775
527,LP002706,1,1,1,0,0,5285,1430,161,360,0,0,1,6715
528,LP002714,1,0,1,0,0,2679,1302,94,360,1,0,1,3981
529,LP002716,1,0,0,0,0,6783,0,130,360,1,0,1,6783
530,LP002717,1,1,0,0,1,1025,5500,216,360,1,-1,1,6525
531,LP002720,1,1,3,0,1,4281,0,100,360,1,1,1,4281
532,LP002723,1,0,2,0,1,3588,0,110,360,0,-1,0,3588
533,LP002729,1,0,1,0,1,11250,0,196,360,1,0,0,11250
534,LP002731,0,0,0,1,0,18165,0,125,360,1,1,1,18165
535,LP002732,1,0,0,0,0,2550,2042,126,360,1,-1,1,4592
536,LP002734,1,1,0,0,1,6133,3906,324,360,1,1,1,10039
537,LP002738,1,0,2,0,1,3617,0,107,360,1,0,1,3617
538,LP002739,1,1,0,0,0,2917,536,66,360,1,-1,0,3453
539,LP002740,1,1,3,0,1,6417,0,157,180,1,-1,1,6417
540,LP002741,0,1,1,0,1,4608,2845,140,180,1,0,1,7453
541,LP002743,0,0,0,0,1,2138,0,99,360,0,0,0,2138
542,LP002753,0,0,1,0,1,3652,0,95,360,1,0,1,3652
543,LP002755,1,1,1,0,0,2239,2524,128,360,1,1,1,4763
544,LP002757,0,1,0,0,0,3017,663,102,360,1,0,1,3680
545,LP002767,1,1,0,0,1,2768,1950,155,360,1,-1,1,4718
546,LP002768,1,0,0,0,0,3358,0,80,36,1,0,0,3358
547,LP002772,1,0,0,0,1,2526,1783,145,360,1,-1,1,4309
548,LP002776,0,0,0,0,1,5000,0,103,360,0,0,0,5000
549,LP002777,1,1,0,0,1,2785,2016,110,360,1,-1,1,4801
550,LP002778,1,1,2,1,1,6633,0,120,360,0,-1,0,6633
551,LP002784,1,1,1,0,0,2492,2375,120,360,1,-1,1,4867
552,LP002785,1,1,1,0,1,3333,3250,158,360,1,1,1,6583
553,LP002788,1,1,0,0,0,2454,2333,181,360,0,1,0,4787
554,LP002789,1,1,0,0,1,3593,4266,132,180,0,-1,0,7859
555,LP002792,1,1,1,0,1,5468,1032,26,360,1,0,1,6500
556,LP002794,0,0,0,0,1,2667,1625,84,360,1,1,1,4292
557,LP002795,1,1,3,1,1,10139,0,260,360,1,0,1,10139
558,LP002798,1,1,0,0,1,3887,2669,162,360,1,0,1,6556
559,LP002804,0,1,0,0,1,4180,2306,182,360,1,0,1,6486
560,LP002807,1,1,2,0,0,3675,242,108,360,1,0,1,3917
561,LP002813,0,1,1,1,1,19484,0,600,360,1,0,1,19484
562,LP002820,1,1,0,0,1,5923,2054,211,360,1,-1,1,7977
563,LP002821,1,0,0,1,0,5800,0,132,360,1,0,1,5800
564,LP002832,1,1,2,0,1,8799,0,258,360,0,1,0,8799
565,LP002833,1,1,0,0,0,4467,0,120,360,1,-1,1,4467
566,LP002836,1,0,0,0,1,3333,0,70,360,1,1,1,3333
567,LP002837,1,1,3,0,1,3400,2500,123,360,0,-1,0,5900
568,LP002840,0,0,0,0,1,2378,0,9,360,1,1,0,2378
569,LP002841,1,1,0,0,1,3166,2064,104,360,0,1,0,5230
570,LP002842,1,1,1,0,1,3417,1750,186,360,1,1,1,5167
571,LP002847,1,1,0,0,1,5116,1451,165,360,0,1,0,6567
572,LP002855,1,1,2,0,1,16666,0,275,360,1,1,1,16666
573,LP002862,1,1,2,0,0,6125,1625,187,480,1,0,0,7750
574,LP002863,1,1,3,0,1,6406,0,150,360,1,0,0,6406
575,LP002868,1,1,2,0,1,3159,461,108,84,1,1,1,3620
576,LP002872,1,1,0,0,1,3087,2210,136,360,0,0,0,5297
577,LP002874,1,0,0,0,1,3229,2739,110,360,1,1,1,5968
578,LP002877,1,1,1,0,1,1782,2232,107,360,1,-1,1,4014
579,LP002888,1,0,0,0,1,3182,2917,161,360,1,1,1,6099
580,LP002892,1,1,2,0,1,6540,0,205,360,1,0,1,6540
581,LP002893,1,0,0,0,1,1836,33837,90,360,1,1,0,35673
582,LP002894,0,1,0,0,1,3166,0,36,360,1,0,1,3166
583,LP002898,1,1,1,0,1,1880,0,61,360,1,-1,0,1880
584,LP002911,1,1,1,0,1,2787,1917,146,360,0,-1,0,4704
585,LP002912,1,1,1,0,1,4283,3000,172,84,1,-1,0,7283
586,LP002916,1,1,0,0,1,2297,1522,104,360,1,1,1,3819
587,LP002917,0,0,0,0,0,2165,0,70,360,1,0,1,2165
588,LP002925,1,0,0,0,1,4750,0,94,360,1,0,1,4750
589,LP002926,1,1,2,1,1,2726,0,106,360,0,0,0,2726
590,LP002928,1,1,0,0,1,3000,3416,56,180,1,0,1,6416
591,LP002931,1,1,2,1,1,6000,0,205,240,1,0,0,6000
592,LP002933,1,0,3,1,1,9357,0,292,360,1,0,1,9357
593,LP002936,1,1,0,0,1,3859,3300,142,180,1,-1,1,7159
594,LP002938,1,1,0,1,1,16120,0,260,360,1,1,1,16120
595,LP002940,1,0,0,0,0,3833,0,110,360,1,-1,1,3833
596,LP002941,1,1,2,1,0,6383,1000,187,360,1,-1,0,7383
597,LP002943,1,0,0,0,1,2987,0,88,360,0,0,0,2987
598,LP002945,1,1,0,1,1,9963,0,180,360,1,-1,1,9963
599,LP002948,1,1,2,0,1,5780,0,192,360,1,1,1,5780
600,LP002949,0,0,3,0,1,416,41667,350,180,1,1,0,42083
601,LP002950,1,1,0,0,0,2894,2792,155,360,1,-1,1,5686
602,LP002953,1,1,3,0,1,5703,0,128,360,1,1,1,5703
603,LP002958,1,0,0,0,1,3676,4301,172,360,1,-1,1,7977
604,LP002959,0,1,1,0,1,12000,0,496,360,1,0,1,12000
605,LP002960,1,1,0,0,0,2400,3800,120,180,1,1,0,6200
606,LP002961,1,1,1,0,1,3400,2500,173,360,1,0,1,5900
607,LP002964,1,1,2,0,0,3987,1411,157,360,1,-1,1,5398
608,LP002974,1,1,0,0,1,3232,1950,108,360,1,-1,1,5182
609,LP002978,0,0,0,0,1,2900,0,71,360,1,-1,1,2900
610,LP002979,1,1,3,0,1,4106,0,40,180,1,-1,1,4106
611,LP002983,1,1,1,0,1,8072,240,253,360,1,1,1,8312
612,LP002984,1,1,2,0,1,7583,0,187,360,1,1,1,7583
613,LP002990,0,0,0,1,1,4583,0,133,360,0,0,0,4583
